epoch,loss_total,loss_end,loss_weak,loss_count,loss_reg
0,13.287171363830566,12.93842601776123,0.0,0.0,0.348745733499527
1,12.212597846984863,11.864372253417969,0.0,0.0,0.34822526574134827
2,11.415692329406738,11.067988395690918,0.0,0.0,0.3477039039134979
3,11.70913314819336,11.361955642700195,0.0,0.0,0.3471772372722626
4,11.958586692810059,11.611929893493652,0.0,0.0,0.3466565012931824
5,11.097554206848145,10.751401901245117,0.0,0.0,0.34615248441696167
6,11.105650901794434,10.759967803955078,0.0,0.0,0.3456834554672241
7,11.72944450378418,11.384195327758789,0.0,0.0,0.34524887800216675
8,10.206910133361816,9.862058639526367,0.0,0.0,0.3448513448238373
9,10.385074615478516,10.040580749511719,0.0,0.0,0.3444943130016327
10,9.93476676940918,9.590600967407227,0.0,0.0,0.3441658318042755
11,10.046598434448242,9.702730178833008,0.0,0.0,0.34386858344078064
12,9.572461128234863,9.228867530822754,0.0,0.0,0.3435934782028198
13,9.491859436035156,9.148523330688477,0.0,0.0,0.34333619475364685
14,10.085711479187012,9.742602348327637,0.0,0.0,0.34310901165008545
15,9.249887466430664,8.906966209411621,0.0,0.0,0.34292086958885193
16,8.551277160644531,8.208514213562012,0.0,0.0,0.34276247024536133
17,9.570484161376953,9.227853775024414,0.0,0.0,0.342630535364151
18,8.522828102111816,8.180302619934082,0.0,0.0,0.34252551198005676
19,8.87677001953125,8.534330368041992,0.0,0.0,0.34243959188461304
20,8.746901512145996,8.40452766418457,0.0,0.0,0.3423742949962616
21,8.352667808532715,8.010330200195312,0.0,0.0,0.34233763813972473
22,7.882223129272461,7.539902687072754,0.0,0.0,0.34232059121131897
23,8.232385635375977,7.890064716339111,0.0,0.0,0.34232112765312195
24,7.572141170501709,7.229804039001465,0.0,0.0,0.3423369228839874
25,7.890985012054443,7.5486159324646,0.0,0.0,0.3423689007759094
26,7.794018268585205,7.451602458953857,0.0,0.0,0.34241563081741333
27,7.521906852722168,7.179425239562988,0.0,0.0,0.34248149394989014
28,7.077117443084717,6.734552383422852,0.0,0.0,0.34256511926651
29,7.0061845779418945,6.663523197174072,0.0,0.0,0.3426615595817566
30,7.101858615875244,6.759089469909668,0.0,0.0,0.3427692949771881
31,7.0116286277771,6.668736457824707,0.0,0.0,0.34289228916168213
32,6.538251876831055,6.195220947265625,0.0,0.0,0.3430311679840088
33,6.506391525268555,6.163210391998291,0.0,0.0,0.3431810140609741
34,6.159311294555664,5.81596565246582,0.0,0.0,0.3433458209037781
35,6.337409973144531,5.993902206420898,0.0,0.0,0.3435079753398895
36,5.929390907287598,5.585707664489746,0.0,0.0,0.3436831831932068
37,5.951498508453369,5.607627868652344,0.0,0.0,0.34387075901031494
38,5.996426105499268,5.652358531951904,0.0,0.0,0.3440675139427185
39,5.39174747467041,5.047477722167969,0.0,0.0,0.344269722700119
40,5.633874416351318,5.289399147033691,0.0,0.0,0.3444753885269165
41,5.813264846801758,5.468580722808838,0.0,0.0,0.34468433260917664
42,5.8174333572387695,5.472528457641602,0.0,0.0,0.3449048697948456
43,5.55561637878418,5.210494041442871,0.0,0.0,0.345122367143631
44,5.055869102478027,4.710533142089844,0.0,0.0,0.3453359305858612
45,4.906406879425049,4.560853958129883,0.0,0.0,0.345552921295166
46,5.286545753479004,4.9407734870910645,0.0,0.0,0.3457721769809723
47,5.068107604980469,4.722126483917236,0.0,0.0,0.3459812104701996
48,4.911636829376221,4.565444469451904,0.0,0.0,0.346192330121994
49,4.734079837799072,4.387688636779785,0.0,0.0,0.34639111161231995
50,4.636154651641846,4.289583683013916,0.0,0.0,0.3465711772441864
51,4.399529933929443,4.052778244018555,0.0,0.0,0.3467518091201782
52,4.433663368225098,4.086735725402832,0.0,0.0,0.3469277322292328
53,4.331659317016602,3.984567403793335,0.0,0.0,0.3470917344093323
54,4.309996604919434,3.9627482891082764,0.0,0.0,0.34724828600883484
55,4.301750183105469,3.954345464706421,0.0,0.0,0.3474048674106598
56,4.214089393615723,3.8665413856506348,0.0,0.0,0.3475482165813446
57,4.281923770904541,3.9342451095581055,0.0,0.0,0.3476787805557251
58,4.249326229095459,3.9015204906463623,0.0,0.0,0.34780558943748474
59,3.9444425106048584,3.5965218544006348,0.0,0.0,0.347920686006546
60,3.8720667362213135,3.5240540504455566,0.0,0.0,0.348012775182724
61,4.112038612365723,3.763951063156128,0.0,0.0,0.34808748960494995
62,3.740562677383423,3.3924074172973633,0.0,0.0,0.3481551706790924
63,3.71981143951416,3.3715980052948,0.0,0.0,0.34821346402168274
64,3.557283401489258,3.209036350250244,0.0,0.0,0.34824711084365845
65,3.6124160289764404,3.2641615867614746,0.0,0.0,0.348254531621933
66,3.5193309783935547,3.1710989475250244,0.0,0.0,0.3482319712638855
67,3.662372589111328,3.3141732215881348,0.0,0.0,0.3481993079185486
68,3.3695666790008545,3.0214288234710693,0.0,0.0,0.34813791513442993
69,3.3848788738250732,3.0368287563323975,0.0,0.0,0.3480501174926758
70,3.3746390342712402,3.026707887649536,0.0,0.0,0.3479310870170593
71,3.3707053661346436,3.0229058265686035,0.0,0.0,0.3477995991706848
72,3.3055479526519775,2.957909345626831,0.0,0.0,0.3476385176181793
73,3.1680760383605957,2.820624828338623,0.0,0.0,0.34745123982429504
74,3.184948682785034,2.8376998901367188,0.0,0.0,0.3472488820552826
75,3.171765089035034,2.8247311115264893,0.0,0.0,0.3470339775085449
76,3.075988531112671,2.72917103767395,0.0,0.0,0.3468175530433655
77,3.1026923656463623,2.7560956478118896,0.0,0.0,0.3465968072414398
78,2.8603546619415283,2.513974189758301,0.0,0.0,0.3463803827762604
79,3.053689479827881,2.7075188159942627,0.0,0.0,0.3461707830429077
80,2.9933688640594482,2.647393226623535,0.0,0.0,0.34597569704055786
81,2.933485269546509,2.587693929672241,0.0,0.0,0.34579139947891235
82,2.933999538421631,2.5883800983428955,0.0,0.0,0.34561941027641296
83,2.891963243484497,2.5465054512023926,0.0,0.0,0.3454577326774597
84,2.724181652069092,2.3788743019104004,0.0,0.0,0.34530723094940186
85,2.735952854156494,2.390780210494995,0.0,0.0,0.345172643661499
86,2.676924228668213,2.331873893737793,0.0,0.0,0.34505021572113037
87,2.6840362548828125,2.3390979766845703,0.0,0.0,0.34493815898895264
88,2.7425947189331055,2.39776611328125,0.0,0.0,0.3448285758495331
89,2.5171828269958496,2.172456741333008,0.0,0.0,0.344726026058197
90,2.5222787857055664,2.1776561737060547,0.0,0.0,0.34462258219718933
91,2.5239219665527344,2.179391384124756,0.0,0.0,0.34453070163726807
92,2.525270462036133,2.180830478668213,0.0,0.0,0.34443995356559753
93,2.3463640213012695,2.0020129680633545,0.0,0.0,0.34435105323791504
94,2.2707953453063965,1.9265304803848267,0.0,0.0,0.34426480531692505
95,2.4187679290771484,2.074594497680664,0.0,0.0,0.3441733717918396
96,2.2733829021453857,1.9293142557144165,0.0,0.0,0.34406864643096924
97,2.2206614017486572,1.8766965866088867,0.0,0.0,0.3439648151397705
98,2.270263671875,1.9264179468154907,0.0,0.0,0.34384581446647644
99,2.2206897735595703,1.8769705295562744,0.0,0.0,0.34371915459632874
100,2.1559958457946777,1.8124037981033325,0.0,0.0,0.34359216690063477
101,2.0826122760772705,1.739141583442688,0.0,0.0,0.3434707820415497
102,2.1730074882507324,1.829660177230835,0.0,0.0,0.3433472812175751
103,2.056698799133301,1.7134751081466675,0.0,0.0,0.3432236909866333
104,2.0933659076690674,1.7502756118774414,0.0,0.0,0.3430902659893036
105,2.0310678482055664,1.6881227493286133,0.0,0.0,0.34294503927230835
106,1.98383367061615,1.6410385370254517,0.0,0.0,0.34279510378837585
107,2.0285439491271973,1.6859080791473389,0.0,0.0,0.34263595938682556
108,1.938776969909668,1.5963083505630493,0.0,0.0,0.34246858954429626
109,1.8821314573287964,1.5398364067077637,0.0,0.0,0.3422950208187103
110,1.9174957275390625,1.5753778219223022,0.0,0.0,0.3421178460121155
111,1.824972152709961,1.4830341339111328,0.0,0.0,0.3419380784034729
112,1.8611658811569214,1.519415259361267,0.0,0.0,0.3417506217956543
113,1.8161193132400513,1.474565029144287,0.0,0.0,0.34155431389808655
114,1.805589199066162,1.464249610900879,0.0,0.0,0.3413396179676056
115,1.8043674230575562,1.4632550477981567,0.0,0.0,0.341112345457077
116,1.7574162483215332,1.4165436029434204,0.0,0.0,0.340872585773468
117,1.6576157808303833,1.3169890642166138,0.0,0.0,0.3406267464160919
118,1.617838978767395,1.2774627208709717,0.0,0.0,0.34037622809410095
119,1.6431971788406372,1.3030955791473389,0.0,0.0,0.34010156989097595
120,1.567345142364502,1.227545142173767,0.0,0.0,0.3397999405860901
121,1.709604263305664,1.3701449632644653,0.0,0.0,0.33945930004119873
122,1.6251370906829834,1.2860163450241089,0.0,0.0,0.3391208052635193
123,1.6626124382019043,1.3238447904586792,0.0,0.0,0.3387677073478699
124,1.638297438621521,1.2998936176300049,0.0,0.0,0.3384038209915161
125,1.6041814088821411,1.2661590576171875,0.0,0.0,0.3380223214626312
126,1.6384212970733643,1.300795555114746,0.0,0.0,0.3376257121562958
127,1.6012332439422607,1.2640379667282104,0.0,0.0,0.33719533681869507
128,1.6097158193588257,1.2729599475860596,0.0,0.0,0.3367559015750885
129,1.5701627731323242,1.2338488101959229,0.0,0.0,0.33631402254104614
130,1.5895929336547852,1.2537362575531006,0.0,0.0,0.33585670590400696
131,1.5899430513381958,1.2545510530471802,0.0,0.0,0.33539196848869324
132,1.563300609588623,1.2284053564071655,0.0,0.0,0.3348953127861023
133,1.4623193740844727,1.1279240846633911,0.0,0.0,0.33439531922340393
134,1.4564526081085205,1.1225547790527344,0.0,0.0,0.3338978588581085
135,1.4919034242630005,1.1585094928741455,0.0,0.0,0.333393931388855
136,1.5207854509353638,1.1878790855407715,0.0,0.0,0.3329063653945923
137,1.4399917125701904,1.1075607538223267,0.0,0.0,0.33243101835250854
138,1.4603736400604248,1.1284312009811401,0.0,0.0,0.33194249868392944
139,1.4080392122268677,1.0766031742095947,0.0,0.0,0.33143600821495056
140,1.5165350437164307,1.1856045722961426,0.0,0.0,0.33093053102493286
141,1.475097417831421,1.1446715593338013,0.0,0.0,0.33042579889297485
142,1.444314956665039,1.1143983602523804,0.0,0.0,0.3299165368080139
143,1.447253704071045,1.1178321838378906,0.0,0.0,0.3294215500354767
144,1.4778140783309937,1.1488803625106812,0.0,0.0,0.3289336860179901
145,1.4977073669433594,1.1692583560943604,0.0,0.0,0.3284490704536438
146,1.5021082162857056,1.1741377115249634,0.0,0.0,0.3279705345630646
147,1.498070478439331,1.1705882549285889,0.0,0.0,0.3274821937084198
148,1.4759588241577148,1.148972749710083,0.0,0.0,0.3269861340522766
149,1.458507776260376,1.1320255994796753,0.0,0.0,0.3264821767807007
150,1.3752436637878418,1.0493040084838867,0.0,0.0,0.32593971490859985
151,1.385148286819458,1.05978524684906,0.0,0.0,0.32536306977272034
152,1.393622875213623,1.0688482522964478,0.0,0.0,0.3247746527194977
153,1.423649787902832,1.099440574645996,0.0,0.0,0.32420921325683594
154,1.4271317720413208,1.1034802198410034,0.0,0.0,0.32365158200263977
155,1.3623523712158203,1.0392593145370483,0.0,0.0,0.323093056678772
156,1.4390136003494263,1.1164684295654297,0.0,0.0,0.3225451707839966
157,1.3839788436889648,1.0619546175003052,0.0,0.0,0.32202422618865967
158,1.4148260354995728,1.0932966470718384,0.0,0.0,0.3215293884277344
159,1.4847484827041626,1.1637026071548462,0.0,0.0,0.321045845746994
160,1.3929990530014038,1.0724374055862427,0.0,0.0,0.3205616772174835
161,1.3618557453155518,1.0417888164520264,0.0,0.0,0.3200668692588806
162,1.4021034240722656,1.0825670957565308,0.0,0.0,0.31953635811805725
163,1.44539213180542,1.12638258934021,0.0,0.0,0.31900957226753235
164,1.4087992906570435,1.0903149843215942,0.0,0.0,0.31848427653312683
165,1.4467930793762207,1.1288599967956543,0.0,0.0,0.3179331421852112
166,1.3712515830993652,1.0538864135742188,0.0,0.0,0.31736522912979126
167,1.3836866617202759,1.0668938159942627,0.0,0.0,0.3167928457260132
168,1.366824984550476,1.050587773323059,0.0,0.0,0.3162371814250946
169,1.3037738800048828,0.9880704879760742,0.0,0.0,0.3157033622264862
170,1.3719274997711182,1.0567727088928223,0.0,0.0,0.3151548504829407
171,1.3014302253723145,0.9868353009223938,0.0,0.0,0.3145948648452759
172,1.345863699913025,1.0318211317062378,0.0,0.0,0.3140425384044647
173,1.3536821603775024,1.0401932001113892,0.0,0.0,0.3134889304637909
174,1.2269978523254395,0.9140779376029968,0.0,0.0,0.31291988492012024
175,1.266023874282837,0.9536721110343933,0.0,0.0,0.3123518228530884
176,1.3783169984817505,1.0665295124053955,0.0,0.0,0.311787486076355
177,1.271984577178955,0.9607716798782349,0.0,0.0,0.3112129271030426
178,1.3221759796142578,1.0115087032318115,0.0,0.0,0.3106672465801239
179,1.3561815023422241,1.0460505485534668,0.0,0.0,0.31013092398643494
180,1.2957020998001099,0.9861156344413757,0.0,0.0,0.30958646535873413
181,1.3240820169448853,1.0150352716445923,0.0,0.0,0.30904677510261536
182,1.3389173746109009,1.0304046869277954,0.0,0.0,0.30851268768310547
183,1.285833477973938,0.9778486490249634,0.0,0.0,0.3079847991466522
184,1.36273193359375,1.0552624464035034,0.0,0.0,0.30746951699256897
185,1.3202331066131592,1.0132759809494019,0.0,0.0,0.30695706605911255
186,1.2988593578338623,0.9924207329750061,0.0,0.0,0.3064385652542114
187,1.3776321411132812,1.0716959238052368,0.0,0.0,0.30593618750572205
188,1.2610809803009033,0.9556636810302734,0.0,0.0,0.30541732907295227
189,1.3033313751220703,0.998440682888031,0.0,0.0,0.3048906922340393
190,1.2329202890396118,0.9285554885864258,0.0,0.0,0.30436480045318604
191,1.2578362226486206,0.9540161490440369,0.0,0.0,0.30382004380226135
192,1.2838913202285767,0.9806188941001892,0.0,0.0,0.30327245593070984
193,1.2783279418945312,0.9756141901016235,0.0,0.0,0.3027137219905853
194,1.3415170907974243,1.0393753051757812,0.0,0.0,0.30214178562164307
195,1.3050605058670044,1.0034880638122559,0.0,0.0,0.30157241225242615
196,1.2550568580627441,0.9540399312973022,0.0,0.0,0.3010169267654419
197,1.2559974193572998,0.9555283784866333,0.0,0.0,0.3004691004753113
198,1.3400835990905762,1.0401664972305298,0.0,0.0,0.29991716146469116
199,1.30814528465271,1.0087698698043823,0.0,0.0,0.29937541484832764
200,1.3300591707229614,1.031226634979248,0.0,0.0,0.298832505941391
201,1.3140027523040771,1.0157257318496704,0.0,0.0,0.29827702045440674
202,1.3120801448822021,1.0143693685531616,0.0,0.0,0.2977108061313629
203,1.2982230186462402,1.0010852813720703,0.0,0.0,0.2971377372741699
204,1.254417896270752,0.957844078540802,0.0,0.0,0.29657381772994995
205,1.1891330480575562,0.8931180238723755,0.0,0.0,0.2960149943828583
206,1.308289885520935,1.0128400325775146,0.0,0.0,0.295449823141098
207,1.2757834196090698,0.9808756709098816,0.0,0.0,0.29490771889686584
208,1.2609922885894775,0.9666293263435364,0.0,0.0,0.29436296224594116
209,1.280524730682373,0.9867036938667297,0.0,0.0,0.2938210964202881
210,1.2736724615097046,0.9803968667984009,0.0,0.0,0.2932755947113037
211,1.2583057880401611,0.9655786156654358,0.0,0.0,0.2927272319793701
212,1.2147074937820435,0.922532320022583,0.0,0.0,0.29217514395713806
213,1.3063560724258423,1.0147418975830078,0.0,0.0,0.29161420464515686
214,1.2911489009857178,1.000099778175354,0.0,0.0,0.291049063205719
215,1.3355114459991455,1.0450525283813477,0.0,0.0,0.2904589772224426
216,1.2386341094970703,0.9487830996513367,0.0,0.0,0.28985098004341125
217,1.2947801351547241,1.005548119544983,0.0,0.0,0.2892320156097412
218,1.328935146331787,1.040332555770874,0.0,0.0,0.2886026203632355
219,1.235522985458374,0.9475302696228027,0.0,0.0,0.28799277544021606
220,1.3132163286209106,1.025807499885559,0.0,0.0,0.28740882873535156
221,1.2843618392944336,0.9975422620773315,0.0,0.0,0.28681957721710205
222,1.3069431781768799,1.0207005739212036,0.0,0.0,0.28624266386032104
223,1.2623096704483032,0.9766234159469604,0.0,0.0,0.2856862246990204
224,1.3064489364624023,1.0213088989257812,0.0,0.0,0.28514009714126587
225,1.2782981395721436,0.9936840534210205,0.0,0.0,0.2846141457557678
226,1.2999486923217773,1.0158326625823975,0.0,0.0,0.2841160297393799
227,1.3011786937713623,1.0175607204437256,0.0,0.0,0.28361794352531433
228,1.291646957397461,1.0085339546203613,0.0,0.0,0.28311294317245483
229,1.2266364097595215,0.9440295696258545,0.0,0.0,0.2826067805290222
230,1.2864279747009277,1.0043410062789917,0.0,0.0,0.28208693861961365
231,1.2760951519012451,0.994521975517273,0.0,0.0,0.2815731167793274
232,1.2503646612167358,0.9693112969398499,0.0,0.0,0.281053364276886
233,1.3112952709197998,1.0307716131210327,0.0,0.0,0.2805236279964447
234,1.2827410697937012,1.002763032913208,0.0,0.0,0.2799779772758484
235,1.2606136798858643,0.9811863303184509,0.0,0.0,0.27942728996276855
236,1.235242486000061,0.9563440084457397,0.0,0.0,0.2788984775543213
237,1.2247473001480103,0.9463807344436646,0.0,0.0,0.2783665657043457
238,1.3211153745651245,1.0432701110839844,0.0,0.0,0.27784526348114014
239,1.2565224170684814,0.9791689515113831,0.0,0.0,0.2773534655570984
240,1.2975797653198242,1.0207006931304932,0.0,0.0,0.27687913179397583
241,1.2631218433380127,0.9866966605186462,0.0,0.0,0.27642521262168884
242,1.2397782802581787,0.9638190865516663,0.0,0.0,0.27595916390419006
243,1.3145637512207031,1.0390805006027222,0.0,0.0,0.27548331022262573
244,1.2482059001922607,0.9731924533843994,0.0,0.0,0.27501338720321655
245,1.2763497829437256,1.0018166303634644,0.0,0.0,0.2745331823825836
246,1.2573487758636475,0.9833017587661743,0.0,0.0,0.27404695749282837
247,1.2966816425323486,1.0231155157089233,0.0,0.0,0.2735660672187805
248,1.220390796661377,0.9472971558570862,0.0,0.0,0.27309364080429077
249,1.20066499710083,0.9280416369438171,0.0,0.0,0.27262330055236816
250,1.208728313446045,0.936591386795044,0.0,0.0,0.272136926651001
251,1.2494451999664307,0.9777820110321045,0.0,0.0,0.27166324853897095
252,1.2480626106262207,0.9768576622009277,0.0,0.0,0.27120497822761536
253,1.2775039672851562,1.0067309141159058,0.0,0.0,0.2707730531692505
254,1.2515941858291626,0.9812484383583069,0.0,0.0,0.2703457176685333
255,1.231417179107666,0.9614970088005066,0.0,0.0,0.2699202001094818
256,1.2704182863235474,1.000901699066162,0.0,0.0,0.26951655745506287
257,1.264028787612915,0.9949085712432861,0.0,0.0,0.2691202759742737
258,1.2274789810180664,0.9587623476982117,0.0,0.0,0.26871657371520996
259,1.2823939323425293,1.0140904188156128,0.0,0.0,0.26830345392227173
260,1.2655470371246338,0.9976654052734375,0.0,0.0,0.2678816020488739
261,1.246348261833191,0.9788905382156372,0.0,0.0,0.2674576938152313
262,1.2209290266036987,0.9539060592651367,0.0,0.0,0.2670229375362396
263,1.2658429145812988,0.9992679357528687,0.0,0.0,0.2665749192237854
264,1.2965211868286133,1.0304003953933716,0.0,0.0,0.2661207616329193
265,1.2132608890533447,0.947608232498169,0.0,0.0,0.26565268635749817
266,1.2390646934509277,0.9738901853561401,0.0,0.0,0.2651745676994324
267,1.267141342163086,1.0024452209472656,0.0,0.0,0.2646961212158203
268,1.221403956413269,0.9571810960769653,0.0,0.0,0.2642228901386261
269,1.2489978075027466,0.985254168510437,0.0,0.0,0.2637436091899872
270,1.2660871744155884,1.0028177499771118,0.0,0.0,0.26326942443847656
271,1.2481566667556763,0.985352098941803,0.0,0.0,0.2628045976161957
272,1.2536828517913818,0.9913375973701477,0.0,0.0,0.26234522461891174
273,1.2727664709091187,1.0108875036239624,0.0,0.0,0.26187893748283386
274,1.2545268535614014,0.9931254386901855,0.0,0.0,0.26140135526657104
275,1.2126901149749756,0.9517626166343689,0.0,0.0,0.2609274387359619
276,1.318006157875061,1.0575395822525024,0.0,0.0,0.2604665458202362
277,1.2573758363723755,0.9973671436309814,0.0,0.0,0.26000872254371643
278,1.203302264213562,0.943757176399231,0.0,0.0,0.25954511761665344
279,1.2568179368972778,0.9977254867553711,0.0,0.0,0.2590924799442291
280,1.2259843349456787,0.9673312306404114,0.0,0.0,0.2586531639099121
281,1.2053396701812744,0.9471221566200256,0.0,0.0,0.25821754336357117
282,1.2106189727783203,0.9528338313102722,0.0,0.0,0.2577851712703705
283,1.2313624620437622,0.9739988446235657,0.0,0.0,0.2573636472225189
284,1.2167587280273438,0.9598250985145569,0.0,0.0,0.2569335699081421
285,1.2205263376235962,0.9640151262283325,0.0,0.0,0.2565111815929413
286,1.175143837928772,0.919055700302124,0.0,0.0,0.25608810782432556
287,1.2624742984771729,1.0067957639694214,0.0,0.0,0.25567853450775146
288,1.2224924564361572,0.9672378301620483,0.0,0.0,0.2552545666694641
289,1.2239742279052734,0.9691523313522339,0.0,0.0,0.25482186675071716
290,1.2106798887252808,0.956297755241394,0.0,0.0,0.2543821632862091
291,1.22194504737854,0.9679868221282959,0.0,0.0,0.25395816564559937
292,1.1934754848480225,0.9399546980857849,0.0,0.0,0.2535208463668823
293,1.244789958000183,0.9917187690734863,0.0,0.0,0.2530711889266968
294,1.2276504039764404,0.9750128984451294,0.0,0.0,0.25263750553131104
295,1.2352607250213623,0.9830498099327087,0.0,0.0,0.25221097469329834
296,1.2844890356063843,1.0327247381210327,0.0,0.0,0.25176432728767395
297,1.2088549137115479,0.9575479626655579,0.0,0.0,0.2513069808483124
298,1.2222062349319458,0.9713617563247681,0.0,0.0,0.2508445084095001
299,1.1892361640930176,0.9388464093208313,0.0,0.0,0.2503896951675415
300,1.2583041191101074,1.008375883102417,0.0,0.0,0.249928280711174
301,1.2692264318466187,1.019769310951233,0.0,0.0,0.24945715069770813
302,1.2296288013458252,0.9806402325630188,0.0,0.0,0.24898859858512878
303,1.2148898839950562,0.9663850665092468,0.0,0.0,0.24850477278232574
304,1.226863980293274,0.9788471460342407,0.0,0.0,0.24801678955554962
305,1.258338451385498,1.0108224153518677,0.0,0.0,0.24751609563827515
306,1.2343178987503052,0.9873054027557373,0.0,0.0,0.24701249599456787
307,1.2301437854766846,0.9836275577545166,0.0,0.0,0.24651628732681274
308,1.2157073020935059,0.9696635603904724,0.0,0.0,0.24604369699954987
309,1.1758108139038086,0.9302265048027039,0.0,0.0,0.24558424949645996
310,1.2164340019226074,0.9712916016578674,0.0,0.0,0.24514244496822357
311,1.2688943147659302,1.0241966247558594,0.0,0.0,0.24469773471355438
312,1.2064778804779053,0.9622281789779663,0.0,0.0,0.2442496418952942
313,1.2736563682556152,1.0298573970794678,0.0,0.0,0.24379897117614746
314,1.217818260192871,0.9744746685028076,0.0,0.0,0.2433435618877411
315,1.2060284614562988,0.963128924369812,0.0,0.0,0.242899551987648
316,1.1731010675430298,0.9306425452232361,0.0,0.0,0.24245847761631012
317,1.168657660484314,0.9266513586044312,0.0,0.0,0.24200628697872162
318,1.169296383857727,0.9277291297912598,0.0,0.0,0.24156729876995087
319,1.1785597801208496,0.937427818775177,0.0,0.0,0.2411319613456726
320,1.206072449684143,0.9653784036636353,0.0,0.0,0.24069401621818542
321,1.2064000368118286,0.9661522507667542,0.0,0.0,0.24024783074855804
322,1.227677345275879,0.987890362739563,0.0,0.0,0.23978693783283234
323,1.1949472427368164,0.9556443691253662,0.0,0.0,0.23930290341377258
324,1.2264742851257324,0.9876632690429688,0.0,0.0,0.23881100118160248
325,1.2170813083648682,0.9787656664848328,0.0,0.0,0.2383156269788742
326,1.2022309303283691,0.9644013047218323,0.0,0.0,0.23782961070537567
327,1.2689005136489868,1.0315474271774292,0.0,0.0,0.23735311627388
328,1.1700589656829834,0.9331737160682678,0.0,0.0,0.2368851900100708
329,1.2116676568984985,0.9752368927001953,0.0,0.0,0.23643076419830322
330,1.1917015314102173,0.9557155966758728,0.0,0.0,0.23598596453666687
331,1.247373342514038,1.0118138790130615,0.0,0.0,0.23555944859981537
332,1.2262117862701416,0.9910761117935181,0.0,0.0,0.23513562977313995
333,1.187623381614685,0.952907919883728,0.0,0.0,0.23471544682979584
334,1.2752734422683716,1.04097580909729,0.0,0.0,0.23429758846759796
335,1.1912208795547485,0.9573434591293335,0.0,0.0,0.23387739062309265
336,1.2313928604125977,0.9979351162910461,0.0,0.0,0.23345769941806793
337,1.1725785732269287,0.9395275712013245,0.0,0.0,0.23305103182792664
338,1.2018349170684814,0.9691811203956604,0.0,0.0,0.23265385627746582
339,1.1835652589797974,0.9513111114501953,0.0,0.0,0.23225410282611847
340,1.186594843864441,0.9547374248504639,0.0,0.0,0.23185746371746063
341,1.195898175239563,0.9644430875778198,0.0,0.0,0.23145508766174316
342,1.2058398723602295,0.9748052954673767,0.0,0.0,0.23103462159633636
343,1.197460651397705,0.9668587446212769,0.0,0.0,0.23060184717178345
344,1.2150853872299194,0.9849134087562561,0.0,0.0,0.2301720231771469
345,1.2511415481567383,1.0214077234268188,0.0,0.0,0.22973376512527466
346,1.1527034044265747,0.9234127998352051,0.0,0.0,0.2292906492948532
347,1.1869289875030518,0.9580792188644409,0.0,0.0,0.22884973883628845
348,1.2021570205688477,0.9737461805343628,0.0,0.0,0.2284107804298401
349,1.243094801902771,1.0151134729385376,0.0,0.0,0.2279813140630722
350,1.263856291770935,1.0363034009933472,0.0,0.0,0.2275528907775879
351,1.2324570417404175,1.0053256750106812,0.0,0.0,0.22713136672973633
352,1.2058963775634766,0.9791887402534485,0.0,0.0,0.2267075777053833
353,1.1656129360198975,0.9393281936645508,0.0,0.0,0.22628475725650787
354,1.1860363483428955,0.9601555466651917,0.0,0.0,0.22588081657886505
355,1.2547485828399658,1.029272437095642,0.0,0.0,0.2254761904478073
356,1.2325140237808228,1.007448434829712,0.0,0.0,0.22506560385227203
357,1.1569198369979858,0.9322723746299744,0.0,0.0,0.2246474176645279
358,1.1521247625350952,0.9279043078422546,0.0,0.0,0.22422046959400177
359,1.2158139944076538,0.9919883012771606,0.0,0.0,0.22382566332817078
360,1.1979656219482422,0.974543571472168,0.0,0.0,0.2234220653772354
361,1.2159992456436157,0.9929912090301514,0.0,0.0,0.22300800681114197
362,1.2018306255340576,0.9792491793632507,0.0,0.0,0.2225814312696457
363,1.177443027496338,0.9552812576293945,0.0,0.0,0.22216176986694336
364,1.1958945989608765,0.9741509556770325,0.0,0.0,0.22174367308616638
365,1.160265326499939,0.9389224052429199,0.0,0.0,0.22134292125701904
366,1.1476483345031738,0.926685631275177,0.0,0.0,0.22096270322799683
367,1.2058260440826416,0.9852222204208374,0.0,0.0,0.2206038236618042
368,1.1984786987304688,0.9782261848449707,0.0,0.0,0.22025248408317566
369,1.1867202520370483,0.966802716255188,0.0,0.0,0.21991753578186035
370,1.1505857706069946,0.9309970140457153,0.0,0.0,0.21958880126476288
371,1.2160730361938477,0.9968044757843018,0.0,0.0,0.21926851570606232
372,1.1869863271713257,0.9680535793304443,0.0,0.0,0.21893279254436493
373,1.213130235671997,0.9945497512817383,0.0,0.0,0.2185804545879364
374,1.2019813060760498,0.9837352633476257,0.0,0.0,0.21824607253074646
375,1.2149932384490967,0.9970688223838806,0.0,0.0,0.21792441606521606
376,1.1121176481246948,0.8945130705833435,0.0,0.0,0.21760457754135132
377,1.2054898738861084,0.988206684589386,0.0,0.0,0.21728314459323883
378,1.2027678489685059,0.9858077168464661,0.0,0.0,0.21696016192436218
379,1.1427054405212402,0.9260566234588623,0.0,0.0,0.21664884686470032
380,1.2404885292053223,1.0241315364837646,0.0,0.0,0.21635696291923523
381,1.1426620483398438,0.9265936613082886,0.0,0.0,0.21606844663619995
382,1.141064167022705,0.9252780079841614,0.0,0.0,0.21578609943389893
383,1.1621214151382446,0.9466250538825989,0.0,0.0,0.21549637615680695
384,1.2274131774902344,1.012197494506836,0.0,0.0,0.21521565318107605
385,1.1420594453811646,0.9271232485771179,0.0,0.0,0.21493618190288544
386,1.2184711694717407,1.0038368701934814,0.0,0.0,0.21463428437709808
387,1.170453429222107,0.9561368823051453,0.0,0.0,0.21431651711463928
388,1.1629490852355957,0.9489644765853882,0.0,0.0,0.2139846682548523
389,1.163773775100708,0.9501201510429382,0.0,0.0,0.213653564453125
390,1.2369953393936157,1.0236645936965942,0.0,0.0,0.2133307307958603
391,1.1912516355514526,0.9782398343086243,0.0,0.0,0.21301178634166718
392,1.2497435808181763,1.0370506048202515,0.0,0.0,0.212692990899086
393,1.171372652053833,0.9589980840682983,0.0,0.0,0.21237462759017944
394,1.2024441957473755,0.9903755784034729,0.0,0.0,0.2120686024427414
395,1.1707472801208496,0.9589648842811584,0.0,0.0,0.2117823362350464
396,1.175761103630066,0.9642710089683533,0.0,0.0,0.21149004995822906
397,1.0934725999832153,0.8822892308235168,0.0,0.0,0.21118339896202087
398,1.139042854309082,0.9281814694404602,0.0,0.0,0.21086132526397705
399,1.1272929906845093,0.9167575836181641,0.0,0.0,0.21053536236286163
